"","discretized.vsNoDiscretization","discretized.vsTrueLabel","noDiscretizeVsTrueLabel","discretized.vsNoDiscretization.1","discretized.vsTrueLabel.1","noDiscretizeVsTrueLabel.1","discretized.vsNoDiscretization.2","discretized.vsTrueLabel.2","noDiscretizeVsTrueLabel.2"
"3"," 0.02409"," 0.01162",0.0517803490379085,"0.512"," 0.0700",-0.0801733149514442,"-0.0416","0.0591",-0.0801733149514442
"4","-0.00897","-0.00149",0.0517803490379085,"0.374"," 0.0488",-0.0801733149514442,"-0.0416","0.0591",-0.0801733149514442
"5"," 0.04067"," 0.03613",0.0517803490379085,"0.776","-0.0366",-0.0801733149514442,"-0.0416","0.0591",-0.0801733149514442
